,Beta,Upper,Lower
Intercept,-5469.45,-3698.79,-7240.11
Pred1,227.442,272.625,182.259
Pred2,1.81108,6.40642,-2.78425
