Variable,Beta,Upper,Lower
Intercept,-5468.97,-3698.23,-7239.71
Pred1,227.428,272.613,182.243
Pred2,1.81223,6.40776,-2.7833
