"xtx","yty","xty"
54,6.31762e+08,182297
2079,,7.05232e+06
2966,,1.00776e+07
2079,,
80177,,
114383,,
2966,,
114383,,
178324,,
