"xtx","yty","xty"
46,5.84869e+08,162582
1801,,6.38948e+06
2196,,7.77152e+06
1801,,
70633,,
85902,,
2196,,
85902,,
113854,,
