"Gradient","hessian_intercept","hessian_pred1","hessian_pred2","hessian_pred3","hessian_pred4"
0.687272,3.04595,-0.740039,-1.06854,-1.13119,-0.302711
1.18092,-0.740039,1.02172,-0.445864,-0.096579,0.089635
-1.3294,-1.06854,-0.445864,2.35204,0.399628,-0.0564597
13.1907,-1.13119,-0.096579,0.399628,2.72809,-2.10238
-8.11525,-0.302711,0.089635,-0.0564597,-2.10238,4.21947
