"Gradient","hessian_intercept","hessian_pred1","hessian_pred2","hessian_pred3","hessian_pred4"
-9.45211,4.98426,0.113032,-1.23387,-1.08163,0.619226
-30.4659,0.113032,3.17768,0.139976,-1.51718,1.56638
-5.65164,-1.23387,0.139976,7.86089,3.52828,0.547247
-29.1957,-1.08163,-1.51718,3.52828,4.1254,-0.995955
-5.71141,0.619226,1.56638,0.547247,-0.995955,5.27759
