"Gradient","hessian_intercept","hessian_pred1","hessian_pred2","hessian_pred3","hessian_pred4"
-23.352,10.2876,-1.92229,0.81608,-0.12043,-1.50132
-40.7894,-1.92229,9.97459,0.559698,-4.93277,2.05226
-7.04609,0.81608,0.559698,8.36431,2.14231,-3.10436
-38.7667,-0.12043,-4.93277,2.14231,6.20882,-1.73335
-11.4339,-1.50132,2.05226,-3.10436,-1.73335,11.4122
