"Beta","N"
-5.96557,30,
-9.84769,,
1.42621,,
-12.8427,,
-2.00269,,
