"Gradient","hessian_intercept","hessian_pred1","hessian_pred2","hessian_pred3","hessian_pred4"
-5.52228,7.07705,-3.78882,0.483915,-0.87121,-2.22914
7.10356,-3.78882,6.48852,-2.91826,-3.56736,2.12063
-8.34366,0.483915,-2.91826,5.96963,1.93563,-3.23987
6.06807,-0.87121,-3.56736,1.93563,6.50179,-2.4326
1.8398,-2.22914,2.12063,-3.23987,-2.4326,7.26009
