"Beta","N"
-1.97285,60,
-2.62117,,
-1.31526,,
-0.205196,,
-1.15621,,
