"Gradient","hessian_intercept","hessian_pred1","hessian_pred2","hessian_pred3","hessian_pred4"
0.256352,0.779977,-0.0393777,-0.244645,-0.284152,0.0557983
0.577651,-0.0393777,0.400364,-0.100409,-0.335669,-0.170647
-0.0264434,-0.244645,-0.100409,0.331671,0.256318,-0.171598
-0.752313,-0.284152,-0.335669,0.256318,0.588094,0.169476
-0.305373,0.0557983,-0.170647,-0.171598,0.169476,0.599479
