"Gradient","hessian_intercept","hessian_pred1","hessian_pred2","hessian_pred3","hessian_pred4"
-12.8819,3.9661,0.63779,0.748111,-0.222384,1.02094
-11.0404,0.63779,1.91629,0.137008,-0.909245,-0.237882
-5.33438,0.748111,0.137008,2.74981,0.927439,-0.689565
-14.0048,-0.222384,-0.909245,0.927439,1.53432,-0.0035664
-4.65342,1.02094,-0.237882,-0.689565,-0.0035664,3.54521
