Variable,Beta,Lower,Upper
Intercept,-4.94617,-5.40415,-4.48818
Pred1,-15.4622,-16.1403,-14.7841
Pred2,6.65458,6.09867,7.2105
Pred3,-19.8954,-20.7359,-19.0549
Pred4,0.0200343,-0.431627,0.471696
