,Beta,Upper,Lower
Intercept,-2.475,-1.69078,-3.25922
Pred1,-2.25096,-1.44252,-3.0594
Pred2,-1.9245,-1.14685,-2.70216
Pred3,-0.915804,-0.396704,-1.4349
Pred4,-1.24552,-0.643849,-1.84718
